{
  "evaluation_id": "eval_1759816881286",
  "evaluator": "Shioki",
  "audio_filename": "amateur_piano_10.wav",
  "audio_display": "amateur_piano_10.wav",
  "audio_file": "amateur_piano_10.wav",
  "audio_index": 10,
  "duration": 15.73,
  "total_score": 3,
  "problem_sections": [
    {
      "start": 1.8,
      "end": 4.916846151287202
    },
    {
      "start": 6.4,
      "end": 7.584707689626591
    },
    {
      "start": 9.423719041297433,
      "end": 12.052728227136734
    },
    {
      "start": 13.83993644214079,
      "end": 14.396820161308721
    }
  ],
  "evaluation_time": 1759816881286,
  "timestamp": "2025-10-07T06:01:21.286Z"
}