{
  "evaluation_id": "eval_1759987304032",
  "evaluator": "Mita",
  "audio_filename": "amateur_piano_9.wav",
  "audio_display": "amateur_piano_9.wav",
  "audio_file": "amateur_piano_9.wav",
  "audio_index": 9,
  "duration": 9.19,
  "total_score": 6,
  "problem_sections": [
    {
      "start": 2.3618451400329485,
      "end": 2.8463261943986815
    },
    {
      "start": 4.201359143327842,
      "end": 4.496589785831961
    },
    {
      "start": 5.268731466227347,
      "end": 6.1
    },
    {
      "start": 6.623764415156507,
      "end": 7.2
    }
  ],
  "evaluation_time": 1759987304032,
  "timestamp": "2025-10-09T05:21:44.032Z"
}