{
  "evaluation_id": "eval_1759724014189",
  "evaluator": "Kuromiya2",
  "audio_filename": "amateur_piano_1.wav",
  "audio_display": "amateur_piano_1.wav",
  "audio_file": "amateur_piano_1.wav",
  "audio_index": 1,
  "duration": 11.08,
  "total_score": 7,
  "problem_sections": [
    {
      "start": 1.4290743678209092,
      "end": 1.6662556712374255
    },
    {
      "start": 1.81221339641682,
      "end": 2.0311499841859124
    },
    {
      "start": 2.250086571955004,
      "end": 2.496390233195233
    },
    {
      "start": 6.1,
      "end": 6.3
    }
  ],
  "evaluation_time": 1759724014189,
  "timestamp": "2025-10-06T04:13:34.189Z"
}